axis,A_bin,B_bin,n,top1/baseline,top1/no_boat,top1/no_motor,tri_hit/baseline,tri_hit/no_boat,tri_hit/no_motor,val_nll/baseline,val_nll/no_boat,val_nll/no_motor,Δnll(no_boat-baseline),Δnll(no_motor-baseline),Δtop1(no_boat-baseline),Δtop1(no_motor-baseline),Δtri(no_boat-baseline),Δtri(no_motor-baseline)
boat,"(328.722, 349.5]","(0.0155, 0.033]",56,0.375,0.44642857142857145,0.42857142857142855,0.05357142857142857,0.0,0.017857142857142856,6.465587139129639,6.45944356918335,6.474118232727051,-0.0061435699462890625,0.00853109359741211,0.07142857142857145,0.05357142857142855,-0.05357142857142857,-0.03571428571428571
motor,"(-0.001, 11.389]","(0.0593, 0.272]",72,0.5,0.5833333333333334,0.5138888888888888,0.041666666666666664,0.0,0.027777777777777776,6.368430137634277,6.340235233306885,6.36937141418457,-0.028194904327392578,0.0009412765502929688,0.08333333333333337,0.01388888888888884,-0.041666666666666664,-0.013888888888888888
motor,"(11.389, 212.056]","(0.0593, 0.272]",50,0.4,0.44,0.46,0.0,0.0,0.0,6.571213245391846,6.520457744598389,6.582766532897949,-0.05075550079345703,0.011553287506103516,0.03999999999999998,0.06,0.0,0.0
motor,"(212.056, 231.0]","(-0.001, 0.0433]",68,0.16176470588235295,0.16176470588235295,0.16176470588235295,0.014705882352941176,0.029411764705882353,0.0,6.693122386932373,6.695370197296143,6.673031806945801,0.0022478103637695312,-0.020090579986572266,0.0,0.0,0.014705882352941176,-0.014705882352941176
motor,"(212.056, 231.0]","(0.0433, 0.0593]",54,0.09259259259259259,0.2037037037037037,0.07407407407407407,0.018518518518518517,0.0,0.0,6.729818344116211,6.69092321395874,6.704526901245117,-0.0388951301574707,-0.02529144287109375,0.1111111111111111,-0.018518518518518517,-0.018518518518518517,-0.018518518518518517
