,mean_delta_nll,median_delta_nll,num_cols
motor,-0.011796196301778158,-0.012174367904663086,12
boat,-0.0026169617970784507,-0.0027894973754882812,12
